Latitude,Longitude,Date time,Plow status,Spreader status,Engine status,Truck
42.29036,-82.92779,2021-03-22 11:09:34,True,False,True,4911
42.29036,-82.92778,2021-03-22 11:09:49,True,False,True,4911
42.29036,-82.92779,2021-03-22 11:10:04,True,False,True,4911
42.29036,-82.92779,2021-03-22 11:10:19,True,False,True,4911
42.29036,-82.92779,2021-03-22 11:10:34,True,False,True,4911
42.29036,-82.9278,2021-03-22 11:10:49,True,False,True,4911
42.29035,-82.9278,2021-03-22 11:11:04,True,False,True,4911
42.29035,-82.9278,2021-03-22 11:11:19,True,False,True,4911
42.29034,-82.9278,2021-03-22 11:11:34,True,False,True,4911
42.29034,-82.92779,2021-03-22 11:11:49,True,False,True,4911
42.29033,-82.92777,2021-03-22 11:12:04,True,False,True,4911
42.29033,-82.92777,2021-03-22 11:12:19,True,False,True,4911
42.29033,-82.92777,2021-03-22 11:12:34,True,False,True,4911
42.29034,-82.92777,2021-03-22 11:12:49,True,False,True,4911
42.29034,-82.92778,2021-03-22 11:13:04,True,False,True,4911
42.29035,-82.92778,2021-03-22 11:13:19,True,False,True,4911
42.29035,-82.92777,2021-03-22 11:13:34,True,False,True,4911
42.29035,-82.92777,2021-03-22 11:13:49,True,False,True,4911
42.29035,-82.92776,2021-03-22 11:14:04,True,False,True,4911
42.29035,-82.92776,2021-03-22 11:14:19,True,False,True,4911
42.29035,-82.92777,2021-03-22 11:14:34,True,False,True,4911
42.29035,-82.92778,2021-03-22 11:14:49,True,False,True,4911
42.29036,-82.92778,2021-03-22 11:15:04,True,False,True,4911
42.29037,-82.92779,2021-03-22 11:15:19,True,False,True,4911
42.29037,-82.92779,2021-03-22 11:15:34,True,False,True,4911
42.29037,-82.92778,2021-03-22 11:15:49,True,False,True,4911
42.29037,-82.92778,2021-03-22 11:16:04,True,False,True,4911
42.29039,-82.92788,2021-03-22 11:16:19,True,False,True,4911
42.29137,-82.93169,2021-03-22 12:51:10,True,False,True,1109
42.2909,-82.93428,2021-03-22 12:51:25,True,False,True,1109
42.29048,-82.9392,2021-03-22 12:52:01,True,False,True,1109
42.29072,-82.93994,2021-03-22 12:52:15,True,False,True,1109
42.29069,-82.94002,2021-03-22 12:52:17,True,False,True,1109
42.29055,-82.94043,2021-03-22 12:52:20,True,False,True,1109
42.29009,-82.94209,2021-03-22 12:52:32,True,False,True,1109
42.28937,-82.94535,2021-03-22 12:52:47,True,False,True,1109
42.28865,-82.94988,2021-03-22 12:53:02,True,False,True,1109
42.28774,-82.95488,2021-03-22 12:53:17,True,False,True,1109
42.2868,-82.9599,2021-03-22 12:53:32,True,False,True,1109
42.28586,-82.96494,2021-03-22 12:53:47,True,False,True,1109
42.28501,-82.97002,2021-03-22 12:54:02,True,False,True,1109
42.28447,-82.97515,2021-03-22 12:54:17,True,False,True,1109
42.28389,-82.98027,2021-03-22 12:54:32,True,False,True,1109
42.28306,-82.9849,2021-03-22 12:54:47,True,False,True,1109
42.28228,-82.98901,2021-03-22 12:55:02,True,False,True,1109
42.28133,-82.99389,2021-03-22 12:55:17,True,False,True,1109
42.2804,-82.99896,2021-03-22 12:55:32,True,False,True,1109
42.27884,-83.0037,2021-03-22 12:55:47,True,False,True,1109
42.27733,-83.00845,2021-03-22 12:56:02,True,False,True,1109
42.27649,-83.01351,2021-03-22 12:56:17,True,False,True,1109
42.27617,-83.01873,2021-03-22 12:56:32,True,False,True,1109
42.27531,-83.02341,2021-03-22 12:56:47,True,False,True,1109
42.27437,-83.02842,2021-03-22 12:57:02,True,False,True,1109
42.27342,-83.0335,2021-03-22 12:57:17,True,False,True,1109
42.27258,-83.03856,2021-03-22 12:57:32,True,False,True,1109
42.2717,-83.04363,2021-03-22 12:57:47,True,False,True,1109
42.2708,-83.04867,2021-03-22 12:58:02,True,False,True,1109
42.27078,-83.05385,2021-03-22 12:58:17,True,False,True,1109
42.27198,-83.05876,2021-03-22 12:58:32,True,False,True,1109
42.27323,-83.06372,2021-03-22 12:58:47,True,False,True,1109
42.27447,-83.06865,2021-03-22 12:59:02,True,False,True,1109
42.27558,-83.07336,2021-03-22 12:59:17,True,False,True,1109
42.27502,-83.07754,2021-03-22 12:59:32,True,False,True,1109
42.27551,-83.08014,2021-03-22 12:59:47,True,False,True,1109
Latitude,Longitude,Date time,Plow status,Spreader status,Engine status,Truck
42.2777,-83.08192,2021-03-22 13:00:02,True,False,True,9812
42.28025,-83.08382,2021-03-22 13:00:17,True,False,True,9812
42.28288,-83.08582,2021-03-22 13:00:32,True,False,True,9812
42.2856,-83.08565,2021-03-22 13:00:49,True,False,True,9812
42.28757,-83.08449,2021-03-22 13:01:04,True,False,True,9812
42.28853,-83.08393,2021-03-22 13:01:19,True,False,True,9812
42.28891,-83.08479,2021-03-22 13:01:34,True,False,True,9812
42.28927,-83.08576,2021-03-22 13:01:49,True,False,True,9812
42.28974,-83.08749,2021-03-22 13:02:17,True,False,True,9812
42.29009,-83.08753,2021-03-22 13:02:39,True,False,True,9812
42.29021,-83.08744,2021-03-22 13:02:54,True,False,True,9812
42.29032,-83.08742,2021-03-22 13:03:09,True,False,True,9812
42.29041,-83.08743,2021-03-22 13:03:24,True,False,True,9812
42.29037,-83.08733,2021-03-22 13:03:39,True,False,True,9812
42.29033,-83.08728,2021-03-22 13:03:54,True,False,True,9812
42.29031,-83.08721,2021-03-22 13:04:09,True,False,True,9812
42.29031,-83.08714,2021-03-22 13:08:38,True,False,True,9812
42.29029,-83.08702,2021-03-22 13:08:53,True,False,True,9812
42.29032,-83.08702,2021-03-22 13:09:08,True,False,True,9812
42.29033,-83.08712,2021-03-22 13:09:23,True,False,True,9812
42.29029,-83.08711,2021-03-22 13:09:48,True,False,True,9812
42.29048,-83.08746,2021-03-22 13:10:03,True,False,True,9812
42.2903,-83.08728,2021-03-22 13:10:18,True,False,True,9812
42.29014,-83.08719,2021-03-22 13:10:33,True,False,True,9812
42.29009,-83.08715,2021-03-22 13:10:48,True,False,True,9812
42.29013,-83.08709,2021-03-22 13:11:03,True,False,True,9812
42.29005,-83.08724,2021-03-22 13:11:18,True,False,True,9812
42.28963,-83.08671,2021-03-22 13:11:49,True,False,True,9812
42.29009,-83.08592,2021-03-22 13:12:06,True,False,True,9812
42.29018,-83.08562,2021-03-22 13:12:22,True,False,True,9812
42.29017,-83.08562,2021-03-22 13:12:37,True,False,True,9812
42.29017,-83.08562,2021-03-22 13:12:52,True,False,True,9812
42.29016,-83.08561,2021-03-22 13:13:07,True,False,True,9812
42.29015,-83.08565,2021-03-22 13:12:41,True,False,True,8002
42.29015,-83.08565,2021-03-22 13:12:42,True,False,True,8002
42.29015,-83.08565,2021-03-22 13:12:56,True,False,True,8002
42.29011,-83.08563,2021-03-22 13:13:06,True,False,True,8002
42.29011,-83.08563,2021-03-22 13:13:10,True,False,True,8002
42.29017,-83.08561,2021-03-22 13:13:22,True,False,True,9812
42.29012,-83.08562,2021-03-22 13:13:25,True,False,True,8002
42.29017,-83.08561,2021-03-22 13:13:37,True,False,True,9812
42.29012,-83.08561,2021-03-22 13:13:40,True,False,True,8002
42.29016,-83.08561,2021-03-22 13:13:52,True,False,True,9812
42.29012,-83.08562,2021-03-22 13:13:55,True,False,True,8002
42.29017,-83.08562,2021-03-22 13:14:07,True,False,True,9812
42.29012,-83.08562,2021-03-22 13:14:10,True,False,True,8002
42.29016,-83.08562,2021-03-22 13:14:22,True,False,True,9812
42.29012,-83.08562,2021-03-22 13:14:25,True,False,True,8002
42.29016,-83.0856,2021-03-22 13:14:37,True,False,True,9812
42.28983,-83.08557,2021-03-22 13:14:40,True,False,True,8002
42.28943,-83.08579,2021-03-22 13:14:55,True,False,True,9812
42.28922,-83.08565,2021-03-22 13:14:55,True,False,True,8002
42.28913,-83.08545,2021-03-22 13:15:10,True,False,True,9812
42.28895,-83.08497,2021-03-22 13:15:10,True,False,True,8002
42.28862,-83.08404,2021-03-22 13:15:25,True,False,True,8002
42.28875,-83.08442,2021-03-22 13:15:25,True,False,True,9812
42.28812,-83.08419,2021-03-22 13:15:40,True,False,True,8002
42.28647,-83.08517,2021-03-22 13:15:55,True,False,True,8002
42.28474,-83.0862,2021-03-22 13:16:10,True,False,True,8002
42.28844,-83.084,2021-03-22 13:15:40,True,False,True,9812
42.28714,-83.08478,2021-03-22 13:15:55,True,False,True,9812
42.28539,-83.08581,2021-03-22 13:16:10,True,False,True,9812
42.28338,-83.08624,2021-03-22 13:16:25,True,False,True,9812
42.28295,-83.08601,2021-03-22 13:16:25,True,False,True,8002
42.28091,-83.0845,2021-03-22 13:16:40,True,False,True,8002
42.28145,-83.0849,2021-03-22 13:16:40,True,False,True,9812
42.27922,-83.08322,2021-03-22 13:16:55,True,False,True,9812
42.27853,-83.08273,2021-03-22 13:16:55,True,False,True,8002
42.2768,-83.08142,2021-03-22 13:17:10,True,False,True,9812
42.27616,-83.08096,2021-03-22 13:17:10,True,False,True,8002
42.27488,-83.07961,2021-03-22 13:17:25,True,False,True,9812
42.27449,-83.0791,2021-03-22 13:17:25,True,False,True,8002
42.27444,-83.07901,2021-03-22 13:17:40,True,False,True,9812
42.27435,-83.0789,2021-03-22 13:17:40,True,False,True,8002
42.27444,-83.079,2021-03-22 13:17:55,True,False,True,9812
42.27435,-83.07889,2021-03-22 13:17:55,True,False,True,8002
42.27444,-83.079,2021-03-22 13:18:10,True,False,True,9812
42.27436,-83.07889,2021-03-22 13:18:11,True,False,True,8002
42.27444,-83.079,2021-03-22 13:18:25,True,False,True,9812
42.27436,-83.07889,2021-03-22 13:18:26,True,False,True,8002
42.27435,-83.07889,2021-03-22 13:18:41,True,False,True,8002
42.27444,-83.07899,2021-03-22 13:18:40,True,False,True,9812
42.27444,-83.07899,2021-03-22 13:18:55,True,False,True,9812
42.27436,-83.07888,2021-03-22 13:18:56,True,False,True,8002
42.27444,-83.07899,2021-03-22 13:19:10,True,False,True,9812
42.27436,-83.07889,2021-03-22 13:19:11,True,False,True,8002
42.27421,-83.0786,2021-03-22 13:19:25,True,False,True,9812
42.27444,-83.07806,2021-03-22 13:19:26,True,False,True,8002
42.27516,-83.07642,2021-03-22 13:19:37,True,False,True,8002
42.27519,-83.07628,2021-03-22 13:19:41,True,False,True,9812
42.27521,-83.07242,2021-03-22 13:19:52,True,False,True,8002
42.2751,-83.07198,2021-03-22 13:19:56,True,False,True,9812
42.27391,-83.06794,2021-03-22 13:20:07,True,False,True,8002
42.27363,-83.06742,2021-03-22 13:20:11,True,False,True,9812
42.27226,-83.06335,2021-03-22 13:20:22,True,False,True,8002
42.27218,-83.06289,2021-03-22 13:20:26,True,False,True,9812
42.27129,-83.05904,2021-03-22 13:20:37,True,False,True,8002
42.27116,-83.0585,2021-03-22 13:20:41,True,False,True,9812
42.27003,-83.05475,2021-03-22 13:20:52,True,False,True,8002
42.27001,-83.05447,2021-03-22 13:20:56,True,False,True,9812
42.27036,-83.0499,2021-03-22 13:21:07,True,False,True,8002
42.27051,-83.04919,2021-03-22 13:21:11,True,False,True,9812
42.27124,-83.04501,2021-03-22 13:21:22,True,False,True,8002
42.2714,-83.04418,2021-03-22 13:21:26,True,False,True,9812
42.27215,-83.03994,2021-03-22 13:21:37,True,False,True,8002
42.27229,-83.03911,2021-03-22 13:21:41,True,False,True,9812
42.27296,-83.03483,2021-03-22 13:21:52,True,False,True,8002
42.27311,-83.034,2021-03-22 13:21:56,True,False,True,9812
42.27388,-83.02978,2021-03-22 13:22:07,True,False,True,8002
42.27403,-83.02898,2021-03-22 13:22:11,True,False,True,9812
42.27473,-83.02465,2021-03-22 13:22:22,True,False,True,8002
42.27489,-83.02389,2021-03-22 13:22:26,True,False,True,9812
42.27566,-83.01957,2021-03-22 13:22:37,True,False,True,8002
42.27579,-83.01881,2021-03-22 13:22:41,True,False,True,9812
42.27604,-83.0145,2021-03-22 13:22:52,True,False,True,8002
42.27614,-83.01366,2021-03-22 13:22:56,True,False,True,9812
42.27673,-83.00937,2021-03-22 13:23:07,True,False,True,8002
42.27695,-83.00854,2021-03-22 13:23:11,True,False,True,9812
42.27811,-83.00446,2021-03-22 13:23:22,True,False,True,8002
42.27842,-83.00368,2021-03-22 13:23:26,True,False,True,9812
42.27988,-82.99981,2021-03-22 13:23:37,True,False,True,8002
42.28009,-82.99899,2021-03-22 13:23:41,True,False,True,9812
42.28098,-82.99446,2021-03-22 13:23:52,True,False,True,8002
42.28108,-82.99398,2021-03-22 13:23:56,True,False,True,9812
42.28191,-82.98972,2021-03-22 13:24:07,True,False,True,8002
42.28207,-82.98892,2021-03-22 13:24:11,True,False,True,9812
42.28293,-82.98432,2021-03-22 13:24:22,True,False,True,8002
42.28296,-82.9842,2021-03-22 13:24:26,True,False,True,9812
42.28374,-82.97981,2021-03-22 13:24:37,True,False,True,8002
42.28388,-82.97885,2021-03-22 13:24:41,True,False,True,9812
42.28429,-82.97459,2021-03-22 13:24:52,True,False,True,8002
42.2844,-82.97363,2021-03-22 13:24:56,True,False,True,9812
42.28485,-82.96941,2021-03-22 13:25:07,True,False,True,8002
42.285,-82.96852,2021-03-22 13:25:11,True,False,True,9812
42.2858,-82.96398,2021-03-22 13:25:22,True,False,True,8002
42.28592,-82.96347,2021-03-22 13:25:26,True,False,True,9812
42.28669,-82.95925,2021-03-22 13:25:37,True,False,True,8002
42.28687,-82.95839,2021-03-22 13:25:41,True,False,True,9812
42.28765,-82.95417,2021-03-22 13:25:52,True,False,True,8002
42.28783,-82.95332,2021-03-22 13:25:56,True,False,True,9812
42.28856,-82.94909,2021-03-22 13:26:07,True,False,True,8002
42.28869,-82.94823,2021-03-22 13:26:11,True,False,True,9812
42.28949,-82.94367,2021-03-22 13:26:22,True,False,True,8002
42.28959,-82.94317,2021-03-22 13:26:26,True,False,True,9812
42.29037,-82.93893,2021-03-22 13:26:37,True,False,True,8002
42.29053,-82.93811,2021-03-22 13:26:41,True,False,True,9812
42.29139,-82.93348,2021-03-22 13:26:52,True,False,True,8002
42.29147,-82.93311,2021-03-22 13:26:56,True,False,True,9812
42.2922,-82.92908,2021-03-22 13:27:07,True,False,True,8002
42.29233,-82.92855,2021-03-22 13:27:11,True,False,True,9812
42.29229,-82.92534,2021-03-22 13:27:22,True,False,True,8002
42.29046,-82.92361,2021-03-22 13:27:38,True,False,True,8002
42.29064,-82.92375,2021-03-22 13:27:40,True,False,True,9812
42.29018,-82.92393,2021-03-22 13:27:45,True,False,True,8002
42.29182,-82.92562,2021-03-22 13:28:08,True,False,True,8002
42.29208,-82.92587,2021-03-22 13:28:13,True,False,True,9812
42.29215,-82.92796,2021-03-22 13:28:23,True,False,True,8002
42.2914,-82.93163,2021-03-22 13:35:00,True,False,True,7186
42.29089,-82.93437,2021-03-22 13:35:15,True,False,True,7186
42.2896,-82.93745,2021-03-22 13:35:39,True,False,True,7186
42.28998,-82.93893,2021-03-22 13:35:56,True,False,True,7186
42.29055,-82.93931,2021-03-22 13:36:05,True,False,True,7186
42.29077,-82.93948,2021-03-22 13:36:20,True,False,True,7186
42.29071,-82.93997,2021-03-22 13:36:28,True,False,True,7186
42.2905,-82.9406,2021-03-22 13:36:35,True,False,True,7186
42.28993,-82.94279,2021-03-22 13:36:50,True,False,True,7186
42.28923,-82.94618,2021-03-22 13:37:05,True,False,True,7186
42.28851,-82.95073,2021-03-22 13:37:20,True,False,True,7186
42.28754,-82.95594,2021-03-22 13:37:35,True,False,True,7186
42.28664,-82.96075,2021-03-22 13:37:50,True,False,True,7186
42.28574,-82.96557,2021-03-22 13:38:05,True,False,True,7186
42.28495,-82.9706,2021-03-22 13:38:20,True,False,True,7186
42.28442,-82.97572,2021-03-22 13:38:35,True,False,True,7186
42.28381,-82.98083,2021-03-22 13:38:50,True,False,True,7186
42.28286,-82.98588,2021-03-22 13:39:05,True,False,True,7186
42.28192,-82.99089,2021-03-22 13:39:20,True,False,True,7186
42.28099,-82.99592,2021-03-22 13:39:35,True,False,True,7186
42.27999,-83.00056,2021-03-22 13:39:50,True,False,True,7186
42.27817,-83.00551,2021-03-22 13:40:05,True,False,True,7186
42.27693,-83.01031,2021-03-22 13:40:20,True,False,True,7186
42.27638,-83.01509,2021-03-22 13:40:35,True,False,True,7186
42.27597,-83.01994,2021-03-22 13:40:50,True,False,True,7186
42.275,-83.02532,2021-03-22 13:41:05,True,False,True,7186
42.27404,-83.03034,2021-03-22 13:41:20,True,False,True,7186
42.2731,-83.03531,2021-03-22 13:41:35,True,False,True,7186
42.27238,-83.03998,2021-03-22 13:41:50,True,False,True,7186
42.27154,-83.0447,2021-03-22 13:42:05,True,False,True,7186
42.27071,-83.04931,2021-03-22 13:42:21,True,False,True,7186
42.27089,-83.05437,2021-03-22 13:42:36,True,False,True,7186
42.28978,-83.08573,2021-03-22 14:00:53,True,False,True,5446
42.28978,-83.08573,2021-03-22 14:00:54,True,False,True,5446
42.28978,-83.08573,2021-03-22 14:01:07,True,False,True,5446
42.28981,-83.08576,2021-03-22 14:01:07,True,False,True,5446
42.2898,-83.08575,2021-03-22 14:01:22,True,False,True,5446
42.2898,-83.08575,2021-03-22 14:01:37,True,False,True,5446
42.2898,-83.08575,2021-03-22 14:01:52,True,False,True,5446
42.2898,-83.08575,2021-03-22 14:02:07,True,False,True,5446
42.2898,-83.08575,2021-03-22 14:02:22,True,False,True,5446
42.2898,-83.08574,2021-03-22 14:02:37,True,False,True,5446
42.2898,-83.08574,2021-03-22 14:02:52,True,False,True,5446
42.2898,-83.08574,2021-03-22 14:03:07,True,False,True,5446
42.28979,-83.0857,2021-03-22 14:03:22,True,False,True,5446
42.28939,-83.08577,2021-03-22 14:03:37,True,False,True,5446
42.28914,-83.08544,2021-03-22 14:03:52,True,False,True,5446
42.28882,-83.08457,2021-03-22 14:04:07,True,False,True,5446
42.28863,-83.08403,2021-03-22 14:04:22,True,False,True,5446
42.28838,-83.08405,2021-03-22 14:04:37,True,False,True,5446
42.28723,-83.08473,2021-03-22 14:04:52,True,False,True,5446
42.28576,-83.08561,2021-03-22 14:05:07,True,False,True,5446
42.28405,-83.08637,2021-03-22 14:05:22,True,False,True,5446
42.28203,-83.08531,2021-03-22 14:05:37,True,False,True,5446
42.27985,-83.08369,2021-03-22 14:05:52,True,False,True,5446
42.27755,-83.08199,2021-03-22 14:06:08,True,False,True,5446
42.27536,-83.08021,2021-03-22 14:06:23,True,False,True,5446
42.27435,-83.0789,2021-03-22 14:06:38,True,False,True,5446
42.27435,-83.07889,2021-03-22 14:06:53,True,False,True,5446
42.27435,-83.07889,2021-03-22 14:07:08,True,False,True,5446
42.27435,-83.07889,2021-03-22 14:07:23,True,False,True,5446
42.27435,-83.07889,2021-03-22 14:07:38,True,False,True,5446
42.27435,-83.07889,2021-03-22 14:07:53,True,False,True,5446
42.27419,-83.07858,2021-03-22 14:08:08,True,False,True,5446
42.27442,-83.07809,2021-03-22 14:08:12,True,False,True,5446
42.27515,-83.07642,2021-03-22 14:08:23,True,False,True,5446
42.2752,-83.07244,2021-03-22 14:08:38,True,False,True,5446
42.27402,-83.06816,2021-03-22 14:08:53,True,False,True,5446
42.27238,-83.06395,2021-03-22 14:09:08,True,False,True,5446
42.27136,-83.0593,2021-03-22 14:09:23,True,False,True,5446
42.27005,-83.05485,2021-03-22 14:09:38,True,False,True,5446
42.27039,-83.04982,2021-03-22 14:09:53,True,False,True,5446
42.27132,-83.04479,2021-03-22 14:10:08,True,False,True,5446
42.27219,-83.03973,2021-03-22 14:10:23,True,False,True,5446
42.27299,-83.03464,2021-03-22 14:10:38,True,False,True,5446
42.27391,-83.02962,2021-03-22 14:10:53,True,False,True,5446
42.27476,-83.02453,2021-03-22 14:11:08,True,False,True,5446
42.27568,-83.0195,2021-03-22 14:11:23,True,False,True,5446
42.27606,-83.01481,2021-03-22 14:11:38,True,False,True,5446
42.27667,-83.00987,2021-03-22 14:11:53,True,False,True,5446
42.27795,-83.00496,2021-03-22 14:12:08,True,False,True,5446
42.27972,-83.00036,2021-03-22 14:12:23,True,False,True,5446
42.2808,-82.99539,2021-03-22 14:12:38,True,False,True,5446
42.28179,-82.99039,2021-03-22 14:12:53,True,False,True,5446
42.28273,-82.98544,2021-03-22 14:13:08,True,False,True,5446
42.28364,-82.98042,2021-03-22 14:13:23,True,False,True,5446
42.28422,-82.97524,2021-03-22 14:13:38,True,False,True,5446
42.28477,-82.97008,2021-03-22 14:13:53,True,False,True,5446
42.28562,-82.96501,2021-03-22 14:14:08,True,False,True,5446
42.28656,-82.95997,2021-03-22 14:14:23,True,False,True,5446
42.28751,-82.95493,2021-03-22 14:14:38,True,False,True,5446
42.28844,-82.94987,2021-03-22 14:14:53,True,False,True,5446
42.28927,-82.94482,2021-03-22 14:15:08,True,False,True,5446
42.29022,-82.93975,2021-03-22 14:15:23,True,False,True,5446
42.29116,-82.93468,2021-03-22 14:15:38,True,False,True,5446
42.29267,-82.92626,2021-03-22 14:16:08,True,False,True,5446
42.29038,-82.92361,2021-03-22 14:16:28,True,False,True,5446
42.29016,-82.92409,2021-03-22 14:16:34,True,False,True,5446
42.29172,-82.92557,2021-03-22 14:16:55,True,False,True,5446
42.29221,-82.92773,2021-03-22 14:17:10,True,False,True,5446
Latitude,Longitude,Date time,Plow status,Spreader status,Engine status,Truck
42.29727,-83.04,2021-03-23 23:21:13,True,False,True,6527
42.29784,-83.03997,2021-03-23 23:21:28,True,False,True,6527
42.29789,-83.03994,2021-03-23 23:21:43,True,False,True,6527
42.2979,-83.03994,2021-03-23 23:21:58,True,False,True,6527
42.29818,-83.03995,2021-03-23 23:22:13,True,False,True,6527
42.29787,-83.04231,2021-03-23 23:22:37,True,False,True,6527
42.29706,-83.04437,2021-03-23 23:22:52,True,False,True,6527
42.29643,-83.04612,2021-03-23 23:23:07,True,False,True,6527
42.29571,-83.04771,2021-03-23 23:23:22,True,False,True,6527
42.29448,-83.04678,2021-03-23 23:23:52,True,False,True,6527
42.2938,-83.04537,2021-03-23 23:24:07,True,False,True,6527
42.29313,-83.04393,2021-03-23 23:24:22,True,False,True,6527
42.29248,-83.04256,2021-03-23 23:24:37,True,False,True,6527
42.2919,-83.04137,2021-03-23 23:24:52,True,False,True,6527
42.29131,-83.04061,2021-03-23 23:25:07,True,False,True,6527
42.29098,-83.04037,2021-03-23 23:25:13,True,False,True,6527
42.29046,-83.04002,2021-03-23 23:25:22,True,False,True,6527
42.28952,-83.0394,2021-03-23 23:25:37,True,False,True,6527
42.28849,-83.03874,2021-03-23 23:25:52,True,False,True,6527
42.28742,-83.03804,2021-03-23 23:26:07,True,False,True,6527
42.28634,-83.03734,2021-03-23 23:26:22,True,False,True,6527
42.28526,-83.03665,2021-03-23 23:26:37,True,False,True,6527
42.28409,-83.03589,2021-03-23 23:26:52,True,False,True,6527
42.28292,-83.03514,2021-03-23 23:27:07,True,False,True,6527
42.28209,-83.03443,2021-03-23 23:27:22,True,False,True,6527
42.28233,-83.03372,2021-03-23 23:27:39,True,False,True,6527
42.28231,-83.03372,2021-03-23 23:27:54,True,False,True,6527
42.28229,-83.0337,2021-03-23 23:28:09,True,False,True,6527
42.28229,-83.03369,2021-03-23 23:28:24,True,False,True,6527
42.28228,-83.0337,2021-03-23 23:28:39,True,False,True,6527
42.28228,-83.03368,2021-03-23 23:28:54,True,False,True,6527
42.28227,-83.03368,2021-03-23 23:29:09,True,False,True,6527
42.28227,-83.03367,2021-03-23 23:29:24,True,False,True,6527
42.28167,-83.03312,2021-03-23 23:29:50,True,False,True,6527
42.28105,-83.03271,2021-03-23 23:30:05,True,False,True,6527
42.2804,-83.0323,2021-03-23 23:30:20,True,False,True,6527
42.27972,-83.03186,2021-03-23 23:30:35,True,False,True,6527
42.27903,-83.03141,2021-03-23 23:30:50,True,False,True,6527
42.27845,-83.03104,2021-03-23 23:31:05,True,False,True,6527
42.27786,-83.03069,2021-03-23 23:31:20,True,False,True,6527
42.27757,-83.03051,2021-03-23 23:31:35,True,False,True,6527
42.27738,-83.03101,2021-03-23 23:31:54,True,False,True,6527
42.27734,-83.0311,2021-03-23 23:32:09,True,False,True,6527
42.27734,-83.03111,2021-03-24 00:00:13,True,False,True,6527
42.27734,-83.03111,2021-03-24 00:00:14,True,False,True,6527
42.27736,-83.03107,2021-03-24 00:00:18,True,False,True,6527
42.27736,-83.03108,2021-03-24 00:00:28,True,False,True,6527
42.27735,-83.03111,2021-03-24 00:00:43,True,False,True,6527
42.27736,-83.0311,2021-03-24 00:00:58,True,False,True,6527
42.27736,-83.03111,2021-03-24 00:01:13,True,False,True,6527
42.27736,-83.0311,2021-03-24 00:01:28,True,False,True,6527
42.27736,-83.0311,2021-03-24 00:01:43,True,False,True,6527
42.27735,-83.0311,2021-03-24 00:01:58,True,False,True,6527
42.27735,-83.03109,2021-03-24 00:02:13,True,False,True,6527
42.27737,-83.03109,2021-03-24 00:02:28,True,False,True,6527
42.27731,-83.03118,2021-03-24 00:02:43,True,False,True,6527
42.27674,-83.03128,2021-03-24 00:03:00,True,False,True,6527
42.27616,-83.03089,2021-03-24 00:03:11,True,False,True,6527
42.27524,-83.03029,2021-03-24 00:03:26,True,False,True,6527
42.2741,-83.02954,2021-03-24 00:03:41,True,False,True,6527
42.27374,-83.02875,2021-03-24 00:04:04,True,False,True,6527
42.27377,-83.02846,2021-03-24 00:04:19,True,False,True,6527
42.27378,-83.02842,2021-03-24 00:04:34,True,False,True,6527
42.27377,-83.02841,2021-03-24 00:04:49,True,False,True,6527
42.27377,-83.02842,2021-03-24 00:05:04,True,False,True,6527
42.27377,-83.02842,2021-03-24 00:05:20,True,False,True,6527
42.27378,-83.02842,2021-03-24 00:05:35,True,False,True,6527
42.27379,-83.02841,2021-03-24 00:05:50,True,False,True,6527
42.27381,-83.0284,2021-03-24 00:06:05,True,False,True,6527
42.27381,-83.02839,2021-03-24 00:06:20,True,False,True,6527
42.27382,-83.02838,2021-03-24 00:06:35,True,False,True,6527
42.27382,-83.02838,2021-03-24 00:06:50,True,False,True,6527
42.27382,-83.0284,2021-03-24 00:07:05,True,False,True,6527
42.27381,-83.02841,2021-03-24 00:07:20,True,False,True,6527
42.27379,-83.02842,2021-03-24 00:07:35,True,False,True,6527
42.27389,-83.02798,2021-03-24 00:07:50,True,False,True,6527
42.27414,-83.02692,2021-03-24 00:08:05,True,False,True,6527
42.27457,-83.02511,2021-03-24 00:08:20,True,False,True,6527
42.27507,-83.02277,2021-03-24 00:08:35,True,False,True,6527
42.27547,-83.0206,2021-03-24 00:08:50,True,False,True,6527
42.27576,-83.01895,2021-03-24 00:09:05,True,False,True,6527
42.27593,-83.01706,2021-03-24 00:09:20,True,False,True,6527
42.27597,-83.01597,2021-03-24 00:09:35,True,False,True,6527
42.27605,-83.01445,2021-03-24 00:09:50,True,False,True,6527
42.27623,-83.01248,2021-03-24 00:10:05,True,False,True,6527
42.27656,-83.01027,2021-03-24 00:10:21,True,False,True,6527
42.27705,-83.00799,2021-03-24 00:10:36,True,False,True,6527
42.27761,-83.00599,2021-03-24 00:10:51,True,False,True,6527
42.27823,-83.00416,2021-03-24 00:11:06,True,False,True,6527
42.27914,-83.00185,2021-03-24 00:11:21,True,False,True,6527
42.27988,-82.9998,2021-03-24 00:11:36,True,False,True,6527
42.28029,-82.99795,2021-03-24 00:11:51,True,False,True,6527
42.28063,-82.99623,2021-03-24 00:12:06,True,False,True,6527
42.28099,-82.99442,2021-03-24 00:12:21,True,False,True,6527
42.28136,-82.99257,2021-03-24 00:12:36,True,False,True,6527
42.28172,-82.99074,2021-03-24 00:12:51,True,False,True,6527
42.28189,-82.98984,2021-03-24 00:13:06,True,False,True,6527
42.2819,-82.98978,2021-03-24 00:13:21,True,False,True,6527
42.28191,-82.98976,2021-03-24 00:13:36,True,False,True,6527
42.28191,-82.98975,2021-03-24 00:13:51,True,False,True,6527
42.28191,-82.98976,2021-03-24 00:14:06,True,False,True,6527
42.28191,-82.98976,2021-03-24 00:14:21,True,False,True,6527
42.28191,-82.98976,2021-03-24 00:14:36,True,False,True,6527
42.28192,-82.98975,2021-03-24 00:14:51,True,False,True,6527
42.28192,-82.98969,2021-03-24 00:15:06,True,False,True,6527
42.28193,-82.98967,2021-03-24 00:15:21,True,False,True,6527
42.28193,-82.98967,2021-03-24 00:15:36,True,False,True,6527
42.28191,-82.98966,2021-03-24 00:15:51,True,False,True,6527
42.28191,-82.98966,2021-03-24 00:16:06,True,False,True,6527
42.28193,-82.98967,2021-03-24 00:16:21,True,False,True,6527
42.28193,-82.98966,2021-03-24 00:16:36,True,False,True,6527
42.28192,-82.98964,2021-03-24 00:16:51,True,False,True,6527
42.28191,-82.98963,2021-03-24 00:17:06,True,False,True,6527
42.28192,-82.98965,2021-03-24 00:17:21,True,False,True,6527
42.28193,-82.98968,2021-03-24 00:17:36,True,False,True,6527
42.28195,-82.98952,2021-03-24 00:17:51,True,False,True,6527
42.28195,-82.98949,2021-03-24 00:18:06,True,False,True,6527
42.28206,-82.98891,2021-03-24 00:18:21,True,False,True,6527
42.28227,-82.98781,2021-03-24 00:18:36,True,False,True,6527
42.28252,-82.98652,2021-03-24 00:18:51,True,False,True,6527
42.28285,-82.98476,2021-03-24 00:19:06,True,False,True,6527
42.2832,-82.98286,2021-03-24 00:19:21,True,False,True,6527
42.2836,-82.98061,2021-03-24 00:19:36,True,False,True,6527
42.28396,-82.97799,2021-03-24 00:19:51,True,False,True,6527
42.28426,-82.97508,2021-03-24 00:20:06,True,False,True,6527
42.28456,-82.97219,2021-03-24 00:20:21,True,False,True,6527
42.28492,-82.96899,2021-03-24 00:20:36,True,False,True,6527
42.28547,-82.96583,2021-03-24 00:20:51,True,False,True,6527
42.28595,-82.96321,2021-03-24 00:21:06,True,False,True,6527
42.28651,-82.96024,2021-03-24 00:21:21,True,False,True,6527
42.28711,-82.95695,2021-03-24 00:21:36,True,False,True,6527
42.28766,-82.95406,2021-03-24 00:21:51,True,False,True,6527
42.28819,-82.95122,2021-03-24 00:22:06,True,False,True,6527
42.28868,-82.94818,2021-03-24 00:22:21,True,False,True,6527
42.28914,-82.94546,2021-03-24 00:22:36,True,False,True,6527
42.28971,-82.94239,2021-03-24 00:22:51,True,False,True,6527
42.29027,-82.93943,2021-03-24 00:23:06,True,False,True,6527
42.29068,-82.93722,2021-03-24 00:23:21,True,False,True,6527
42.29121,-82.93447,2021-03-24 00:23:36,True,False,True,6527
42.29182,-82.93166,2021-03-24 00:23:51,True,False,True,6527
42.2924,-82.92923,2021-03-24 00:24:06,True,False,True,6527
42.29307,-82.92681,2021-03-24 00:24:21,True,False,True,6527
42.29382,-82.92418,2021-03-24 00:24:36,True,False,True,6527
42.29449,-82.92162,2021-03-24 00:24:51,True,False,True,6527
42.295,-82.91953,2021-03-24 00:25:06,True,False,True,6527
42.29543,-82.91756,2021-03-24 00:25:21,True,False,True,6527
42.29579,-82.91567,2021-03-24 00:25:36,True,False,True,6527
42.29617,-82.91354,2021-03-24 00:25:51,True,False,True,6527
42.29648,-82.91171,2021-03-24 00:26:06,True,False,True,6527
42.29672,-82.91034,2021-03-24 00:26:21,True,False,True,6527
42.29701,-82.90868,2021-03-24 00:26:36,True,False,True,6527
42.29728,-82.90709,2021-03-24 00:26:51,True,False,True,6527
42.2976,-82.90553,2021-03-24 00:27:06,True,False,True,6527
42.29811,-82.90396,2021-03-24 00:27:21,True,False,True,6527
42.29887,-82.90263,2021-03-24 00:27:36,True,False,True,6527
42.29919,-82.90217,2021-03-24 00:27:51,True,False,True,6527
42.29924,-82.90212,2021-03-24 00:28:06,True,False,True,6527
42.29925,-82.90213,2021-03-24 00:28:21,True,False,True,6527
42.29925,-82.90212,2021-03-24 00:28:36,True,False,True,6527
42.29924,-82.90212,2021-03-24 00:28:51,True,False,True,6527
42.29927,-82.90207,2021-03-24 00:29:06,True,False,True,6527
42.29927,-82.90206,2021-03-24 00:29:21,True,False,True,6527
42.29926,-82.90205,2021-03-24 00:29:36,True,False,True,6527
42.29926,-82.90206,2021-03-24 00:29:51,True,False,True,6527
42.29926,-82.90206,2021-03-24 00:30:06,True,False,True,6527
42.29926,-82.90207,2021-03-24 00:30:21,True,False,True,6527
42.29927,-82.90207,2021-03-24 00:30:36,True,False,True,6527
42.29927,-82.90207,2021-03-24 00:30:51,True,False,True,6527
42.29927,-82.90207,2021-03-24 00:31:06,True,False,True,6527
42.29927,-82.90207,2021-03-24 00:31:21,True,False,True,6527
42.29927,-82.90206,2021-03-24 00:31:36,True,False,True,6527
42.29926,-82.90207,2021-03-24 00:31:51,True,False,True,6527
42.29927,-82.90207,2021-03-24 00:32:06,True,False,True,6527
42.29929,-82.90205,2021-03-24 00:32:21,True,False,True,6527
42.29948,-82.90175,2021-03-24 00:32:36,True,False,True,6527
42.29955,-82.90165,2021-03-24 00:32:51,True,False,True,6527
42.29955,-82.90165,2021-03-24 00:33:06,True,False,True,6527
42.2995,-82.90173,2021-03-24 00:33:21,True,False,True,6527
42.29955,-82.90166,2021-03-24 00:33:36,True,False,True,6527
42.29956,-82.90165,2021-03-24 00:33:51,True,False,True,6527
42.29957,-82.90165,2021-03-24 00:34:06,True,False,True,6527
42.29957,-82.90165,2021-03-24 00:34:21,True,False,True,6527
42.29957,-82.90165,2021-03-24 00:34:36,True,False,True,6527
42.29957,-82.90165,2021-03-24 00:34:51,True,False,True,6527
42.29963,-82.90157,2021-03-24 00:35:06,True,False,True,6527
42.29972,-82.90143,2021-03-24 00:35:21,True,False,True,6527
42.29981,-82.90129,2021-03-24 00:35:36,True,False,True,6527
42.29983,-82.90126,2021-03-24 00:35:51,True,False,True,6527
42.29982,-82.90127,2021-03-24 00:36:06,True,False,True,6527
42.29982,-82.90127,2021-03-24 00:36:21,True,False,True,6527
42.29982,-82.90127,2021-03-24 00:36:36,True,False,True,6527
42.29982,-82.90127,2021-03-24 00:36:51,True,False,True,6527
42.29996,-82.9011,2021-03-24 00:37:06,True,False,True,6527
42.30052,-82.90029,2021-03-24 00:37:21,True,False,True,6527
42.30092,-82.89968,2021-03-24 00:37:36,True,False,True,6527
42.30044,-82.90066,2021-03-24 00:38:14,True,False,True,6527
42.29981,-82.9016,2021-03-24 00:38:29,True,False,True,6527
42.29899,-82.90282,2021-03-24 00:38:44,True,False,True,6527
42.29816,-82.90431,2021-03-24 00:38:59,True,False,True,6527
42.29756,-82.90652,2021-03-24 00:39:14,True,False,True,6527
42.29726,-82.90833,2021-03-24 00:39:29,True,False,True,6527
42.29686,-82.91069,2021-03-24 00:39:44,True,False,True,6527
42.2964,-82.91327,2021-03-24 00:39:59,True,False,True,6527
42.2959,-82.9161,2021-03-24 00:40:14,True,False,True,6527
42.29545,-82.91829,2021-03-24 00:40:29,True,False,True,6527
42.2949,-82.92061,2021-03-24 00:40:44,True,False,True,6527
42.29428,-82.92303,2021-03-24 00:40:59,True,False,True,6527
42.29348,-82.92592,2021-03-24 00:41:14,True,False,True,6527
42.29286,-82.92821,2021-03-24 00:41:29,True,False,True,6527
42.29221,-82.93075,2021-03-24 00:41:44,True,False,True,6527
42.29174,-82.93286,2021-03-24 00:41:59,True,False,True,6527
42.29122,-82.93539,2021-03-24 00:42:14,True,False,True,6527
42.29085,-82.93736,2021-03-24 00:42:29,True,False,True,6527
42.29036,-82.94005,2021-03-24 00:42:44,True,False,True,6527
42.28985,-82.94279,2021-03-24 00:42:59,True,False,True,6527
42.28923,-82.94611,2021-03-24 00:43:14,True,False,True,6527
42.28868,-82.94959,2021-03-24 00:43:29,True,False,True,6527
42.28809,-82.95295,2021-03-24 00:43:44,True,False,True,6527
42.28763,-82.95538,2021-03-24 00:43:59,True,False,True,6527
42.2871,-82.95817,2021-03-24 00:44:14,True,False,True,6527
42.2865,-82.96131,2021-03-24 00:44:29,True,False,True,6527
42.28585,-82.96479,2021-03-24 00:44:44,True,False,True,6527
42.28527,-82.96797,2021-03-24 00:44:59,True,False,True,6527
42.2848,-82.97155,2021-03-24 00:45:14,True,False,True,6527
42.28452,-82.97432,2021-03-24 00:45:29,True,False,True,6527
42.2842,-82.97739,2021-03-24 00:45:44,True,False,True,6527
42.28387,-82.98012,2021-03-24 00:45:59,True,False,True,6527
42.28333,-82.98332,2021-03-24 00:46:14,True,False,True,6527
42.28306,-82.98466,2021-03-24 00:46:29,True,False,True,6527
42.28281,-82.98599,2021-03-24 00:46:44,True,False,True,6527
42.28257,-82.98725,2021-03-24 00:46:59,True,False,True,6527
42.28231,-82.98858,2021-03-24 00:47:14,True,False,True,6527
42.28205,-82.98998,2021-03-24 00:47:29,True,False,True,6527
42.28167,-82.99198,2021-03-24 00:47:44,True,False,True,6527
42.28136,-82.99365,2021-03-24 00:47:59,True,False,True,6527
42.28106,-82.99518,2021-03-24 00:48:14,True,False,True,6527
42.28096,-82.99573,2021-03-24 00:48:29,True,False,True,6527
42.28094,-82.99586,2021-03-24 00:48:44,True,False,True,6527
42.28093,-82.99585,2021-03-24 00:48:59,True,False,True,6527
42.28092,-82.99585,2021-03-24 00:49:14,True,False,True,6527
42.28092,-82.99584,2021-03-24 00:49:29,True,False,True,6527
42.28092,-82.99585,2021-03-24 00:49:44,True,False,True,6527
42.28092,-82.99585,2021-03-24 00:49:59,True,False,True,6527
42.28093,-82.99584,2021-03-24 00:50:14,True,False,True,6527
42.28088,-82.99607,2021-03-24 00:50:30,True,False,True,6527
42.28075,-82.99675,2021-03-24 00:50:45,True,False,True,6527
42.28052,-82.998,2021-03-24 00:51:00,True,False,True,6527
42.2805,-82.99812,2021-03-24 00:51:15,True,False,True,6527
42.28047,-82.99824,2021-03-24 00:51:30,True,False,True,6527
42.28047,-82.99823,2021-03-24 00:51:45,True,False,True,6527
42.28047,-82.99824,2021-03-24 00:52:00,True,False,True,6527
42.28043,-82.99848,2021-03-24 00:52:15,True,False,True,6527
42.28029,-82.99917,2021-03-24 00:52:30,True,False,True,6527
42.28014,-82.99983,2021-03-24 00:52:45,True,False,True,6527
42.27982,-83.00084,2021-03-24 00:53:00,True,False,True,6527
42.2794,-83.002,2021-03-24 00:53:15,True,False,True,6527
42.27895,-83.0032,2021-03-24 00:53:30,True,False,True,6527
42.27842,-83.00459,2021-03-24 00:53:45,True,False,True,6527
42.27795,-83.00598,2021-03-24 00:54:00,True,False,True,6527
42.27745,-83.00771,2021-03-24 00:54:15,True,False,True,6527
42.27702,-83.00952,2021-03-24 00:54:30,True,False,True,6527
42.27669,-83.0114,2021-03-24 00:54:45,True,False,True,6527
42.27643,-83.01365,2021-03-24 00:55:00,True,False,True,6527
42.27629,-83.01587,2021-03-24 00:55:15,True,False,True,6527
42.27619,-83.01798,2021-03-24 00:55:29,True,False,True,6527
42.27588,-83.02011,2021-03-24 00:55:44,True,False,True,6527
42.27553,-83.02211,2021-03-24 00:55:59,True,False,True,6527
42.27505,-83.02477,2021-03-24 00:56:14,True,False,True,6527
42.27454,-83.02733,2021-03-24 00:56:29,True,False,True,6527
42.27409,-83.02973,2021-03-24 00:56:44,True,False,True,6527
42.27368,-83.03191,2021-03-24 00:56:59,True,False,True,6527
42.27332,-83.03383,2021-03-24 00:57:14,True,False,True,6527
42.27301,-83.03545,2021-03-24 00:57:29,True,False,True,6527
42.27273,-83.03722,2021-03-24 00:57:44,True,False,True,6527
42.27249,-83.03882,2021-03-24 00:57:59,True,False,True,6527
42.27224,-83.0405,2021-03-24 00:58:14,True,False,True,6527
42.27205,-83.04166,2021-03-24 00:58:29,True,False,True,6527
42.27196,-83.04223,2021-03-24 00:58:44,True,False,True,6527
42.27186,-83.04258,2021-03-24 00:58:59,True,False,True,6527
42.27186,-83.0418,2021-03-24 00:59:27,True,False,True,6527
42.27203,-83.041,2021-03-24 00:59:42,True,False,True,6527
42.27224,-83.0398,2021-03-24 00:59:57,True,False,True,6527
Latitude,Longitude,Date time,Plow status,Spreader status,Engine status,Truck
42.27249,-83.03816,2021-03-24 01:00:12,True,False,True,7221
42.27273,-83.03652,2021-03-24 01:00:28,True,False,True,7221
42.27301,-83.03493,2021-03-24 01:00:43,True,False,True,7221
42.27335,-83.03301,2021-03-24 01:00:58,True,False,True,7221
42.27365,-83.03141,2021-03-24 01:01:13,True,False,True,7221
42.27396,-83.02961,2021-03-24 01:01:28,True,False,True,7221
42.2743,-83.02751,2021-03-24 01:01:43,True,False,True,7221
42.27463,-83.02541,2021-03-24 01:01:58,True,False,True,7221
42.27496,-83.02359,2021-03-24 01:02:13,True,False,True,7221
42.27523,-83.0221,2021-03-24 01:02:28,True,False,True,7221
42.27551,-83.02056,2021-03-24 01:02:43,True,False,True,7221
42.27586,-83.01849,2021-03-24 01:02:58,True,False,True,7221
42.27599,-83.01638,2021-03-24 01:03:13,True,False,True,7221
42.27608,-83.01429,2021-03-24 01:03:28,True,False,True,7221
42.27629,-83.01216,2021-03-24 01:03:43,True,False,True,7221
42.27664,-83.00998,2021-03-24 01:03:58,True,False,True,7221
42.27709,-83.00794,2021-03-24 01:04:13,True,False,True,7221
42.2777,-83.0058,2021-03-24 01:04:28,True,False,True,7221
42.27837,-83.0039,2021-03-24 01:04:43,True,False,True,7221
42.27881,-83.00275,2021-03-24 01:04:58,True,False,True,7221
42.27928,-83.00158,2021-03-24 01:05:13,True,False,True,7221
42.27968,-83.00057,2021-03-24 01:05:28,True,False,True,7221
42.27982,-83.00015,2021-03-24 01:05:43,True,False,True,7221
42.27988,-82.99993,2021-03-24 01:05:58,True,False,True,7221
42.27988,-82.99992,2021-03-24 01:06:13,True,False,True,7221
42.27988,-82.99991,2021-03-24 01:06:28,True,False,True,7221
42.27988,-82.9999,2021-03-24 01:06:43,True,False,True,7221
42.27987,-82.99991,2021-03-24 01:06:58,True,False,True,7221
42.27998,-82.99953,2021-03-24 01:07:13,True,False,True,7221
42.28005,-82.99925,2021-03-24 01:07:28,True,False,True,7221
42.28006,-82.99924,2021-03-24 01:07:43,True,False,True,7221
42.28013,-82.99888,2021-03-24 01:07:58,True,False,True,7221
42.28022,-82.99842,2021-03-24 01:08:13,True,False,True,7221
42.28023,-82.99836,2021-03-24 01:08:28,True,False,True,7221
42.28023,-82.99836,2021-03-24 01:08:43,True,False,True,7221
42.28022,-82.99836,2021-03-24 01:08:58,True,False,True,7221
42.28023,-82.99836,2021-03-24 01:09:13,True,False,True,7221
42.28023,-82.99834,2021-03-24 01:09:28,True,False,True,7221
42.28034,-82.9978,2021-03-24 01:09:43,True,False,True,7221
42.2805,-82.99696,2021-03-24 01:09:58,True,False,True,7221
42.28064,-82.99627,2021-03-24 01:10:13,True,False,True,7221
42.28067,-82.99614,2021-03-24 01:10:28,True,False,True,7221
42.28067,-82.99613,2021-03-24 01:10:43,True,False,True,7221
42.28067,-82.99614,2021-03-24 01:10:58,True,False,True,7221
42.28066,-82.99614,2021-03-24 01:11:13,True,False,True,7221
42.28067,-82.99609,2021-03-24 01:11:28,True,False,True,7221
42.28076,-82.9956,2021-03-24 01:11:43,True,False,True,7221
42.28094,-82.99474,2021-03-24 01:11:58,True,False,True,7221
42.28109,-82.99399,2021-03-24 01:12:13,True,False,True,7221
42.28138,-82.99253,2021-03-24 01:12:28,True,False,True,7221
42.28158,-82.99155,2021-03-24 01:12:43,True,False,True,7221
42.2818,-82.99043,2021-03-24 01:12:58,True,False,True,7221
42.28207,-82.98899,2021-03-24 01:13:13,True,False,True,7221
42.28237,-82.98743,2021-03-24 01:13:28,True,False,True,7221
42.28267,-82.98583,2021-03-24 01:13:43,True,False,True,7221
42.28299,-82.98415,2021-03-24 01:13:58,True,False,True,7221
42.28331,-82.98254,2021-03-24 01:14:13,True,False,True,7221
42.28363,-82.9807,2021-03-24 01:14:28,True,False,True,7221
42.28392,-82.97849,2021-03-24 01:14:43,True,False,True,7221
42.28419,-82.97597,2021-03-24 01:14:58,True,False,True,7221
42.28445,-82.97339,2021-03-24 01:15:13,True,False,True,7221
42.28471,-82.97097,2021-03-24 01:15:28,True,False,True,7221
42.28504,-82.96836,2021-03-24 01:15:43,True,False,True,7221
42.28546,-82.96599,2021-03-24 01:15:58,True,False,True,7221
42.28589,-82.96372,2021-03-24 01:16:13,True,False,True,7221
42.28635,-82.9612,2021-03-24 01:16:28,True,False,True,7221
42.28678,-82.95894,2021-03-24 01:16:43,True,False,True,7221
42.28726,-82.95637,2021-03-24 01:16:58,True,False,True,7221
42.28777,-82.95365,2021-03-24 01:17:13,True,False,True,7221
42.28833,-82.95069,2021-03-24 01:17:28,True,False,True,7221
42.28874,-82.94809,2021-03-24 01:17:43,True,False,True,7221
42.28917,-82.94555,2021-03-24 01:17:58,True,False,True,7221
42.28959,-82.94322,2021-03-24 01:18:13,True,False,True,7221
42.29022,-82.93986,2021-03-24 01:18:28,True,False,True,7221
42.2909,-82.93626,2021-03-24 01:18:43,True,False,True,7221
42.29153,-82.93306,2021-03-24 01:18:58,True,False,True,7221
42.29206,-82.93079,2021-03-24 01:19:13,True,False,True,7221
42.29265,-82.9284,2021-03-24 01:19:28,True,False,True,7221
42.29323,-82.92627,2021-03-24 01:19:43,True,False,True,7221
42.29383,-82.92417,2021-03-24 01:19:58,True,False,True,7221
42.29445,-82.92183,2021-03-24 01:20:13,True,False,True,7221
42.29512,-82.91908,2021-03-24 01:20:28,True,False,True,7221
42.29557,-82.91695,2021-03-24 01:20:43,True,False,True,7221
42.29604,-82.91455,2021-03-24 01:20:58,True,False,True,7221
42.29639,-82.91252,2021-03-24 01:21:13,True,False,True,7221
42.29679,-82.91028,2021-03-24 01:21:28,True,False,True,7221
42.29716,-82.9082,2021-03-24 01:21:43,True,False,True,7221
42.29746,-82.90649,2021-03-24 01:21:58,True,False,True,7221
42.29797,-82.90448,2021-03-24 01:22:13,True,False,True,7221
42.29887,-82.90273,2021-03-24 01:22:28,True,False,True,7221
42.29971,-82.90151,2021-03-24 01:22:43,True,False,True,7221
42.30039,-82.90045,2021-03-24 01:22:58,True,False,True,7221
42.30094,-82.8997,2021-03-24 01:23:13,True,False,True,7221
42.30054,-82.90054,2021-03-24 01:23:36,True,False,True,7221
42.30003,-82.90129,2021-03-24 01:23:51,True,False,True,7221
42.29915,-82.90261,2021-03-24 01:24:06,True,False,True,7221
42.29818,-82.90434,2021-03-24 01:24:21,True,False,True,7221
42.29761,-82.90651,2021-03-24 01:24:36,True,False,True,7221
42.29726,-82.90846,2021-03-24 01:24:51,True,False,True,7221
42.29682,-82.91087,2021-03-24 01:25:06,True,False,True,7221
42.29634,-82.91349,2021-03-24 01:25:21,True,False,True,7221
42.29585,-82.91616,2021-03-24 01:25:37,True,False,True,7221
42.2953,-82.91883,2021-03-24 01:25:52,True,False,True,7221
42.29478,-82.92114,2021-03-24 01:26:07,True,False,True,7221
42.29439,-82.92283,2021-03-24 01:26:22,True,False,True,7221
42.29403,-82.92421,2021-03-24 01:26:37,True,False,True,7221
42.29376,-82.92517,2021-03-24 01:26:52,True,False,True,7221
42.2937,-82.92537,2021-03-24 01:27:07,True,False,True,7221
42.2937,-82.92537,2021-03-24 01:27:22,True,False,True,7221
42.29369,-82.92536,2021-03-24 01:27:37,True,False,True,7221
42.29369,-82.92536,2021-03-24 01:27:52,True,False,True,7221
42.29368,-82.92536,2021-03-24 01:28:07,True,False,True,7221
42.29367,-82.9254,2021-03-24 01:28:22,True,False,True,7221
42.29348,-82.92615,2021-03-24 01:28:37,True,False,True,7221
42.29321,-82.92721,2021-03-24 01:28:52,True,False,True,7221
42.2928,-82.92876,2021-03-24 01:29:07,True,False,True,7221
42.2923,-82.93084,2021-03-24 01:29:22,True,False,True,7221
42.29176,-82.93312,2021-03-24 01:29:37,True,False,True,7221
42.29129,-82.93535,2021-03-24 01:29:52,True,False,True,7221
42.29085,-82.93769,2021-03-24 01:30:07,True,False,True,7221
42.29036,-82.9403,2021-03-24 01:30:22,True,False,True,7221
42.28983,-82.94313,2021-03-24 01:30:37,True,False,True,7221
42.28931,-82.94588,2021-03-24 01:30:52,True,False,True,7221
42.28879,-82.94908,2021-03-24 01:31:07,True,False,True,7221
42.28824,-82.95235,2021-03-24 01:31:22,True,False,True,7221
42.28768,-82.95534,2021-03-24 01:31:37,True,False,True,7221
42.28719,-82.95799,2021-03-24 01:31:52,True,False,True,7221
42.2866,-82.96115,2021-03-24 01:32:07,True,False,True,7221
42.286,-82.96432,2021-03-24 01:32:22,True,False,True,7221
42.2854,-82.96761,2021-03-24 01:32:37,True,False,True,7221
42.28496,-82.97073,2021-03-24 01:32:52,True,False,True,7221
42.28463,-82.9736,2021-03-24 01:33:07,True,False,True,7221
42.28435,-82.9764,2021-03-24 01:33:22,True,False,True,7221
42.28406,-82.97898,2021-03-24 01:33:37,True,False,True,7221
42.28362,-82.98197,2021-03-24 01:33:52,True,False,True,7221
42.28305,-82.98512,2021-03-24 01:34:07,True,False,True,7221
42.28259,-82.98756,2021-03-24 01:34:22,True,False,True,7221
42.2822,-82.98966,2021-03-24 01:34:37,True,False,True,7221
42.28182,-82.99161,2021-03-24 01:34:52,True,False,True,7221
42.28144,-82.99369,2021-03-24 01:35:07,True,False,True,7221
42.28104,-82.9958,2021-03-24 01:35:22,True,False,True,7221
42.28063,-82.99795,2021-03-24 01:35:37,True,False,True,7221
42.28014,-83.00017,2021-03-24 01:35:52,True,False,True,7221
42.27933,-83.00249,2021-03-24 01:36:07,True,False,True,7221
42.2784,-83.00497,2021-03-24 01:36:22,True,False,True,7221
42.27766,-83.00725,2021-03-24 01:36:37,True,False,True,7221
42.27709,-83.00961,2021-03-24 01:36:52,True,False,True,7221
42.27665,-83.01217,2021-03-24 01:37:07,True,False,True,7221
42.27639,-83.01501,2021-03-24 01:37:22,True,False,True,7221
42.27623,-83.01824,2021-03-24 01:37:37,True,False,True,7221
42.27574,-83.02125,2021-03-24 01:37:52,True,False,True,7221
42.27529,-83.02379,2021-03-24 01:38:07,True,False,True,7221
42.27489,-83.02605,2021-03-24 01:38:22,True,False,True,7221
42.27442,-83.02846,2021-03-24 01:38:37,True,False,True,7221
42.27399,-83.0307,2021-03-24 01:38:52,True,False,True,7221
42.27353,-83.03309,2021-03-24 01:39:07,True,False,True,7221
42.2731,-83.03544,2021-03-24 01:39:22,True,False,True,7221
42.27275,-83.03756,2021-03-24 01:39:37,True,False,True,7221
42.27243,-83.03967,2021-03-24 01:39:52,True,False,True,7221
42.27214,-83.04138,2021-03-24 01:40:07,True,False,True,7221
42.27193,-83.04281,2021-03-24 01:40:22,True,False,True,7221
42.27179,-83.04443,2021-03-24 01:40:37,True,False,True,7221
42.27266,-83.04684,2021-03-24 01:40:58,True,False,True,7221
42.27247,-83.04837,2021-03-24 01:41:13,True,False,True,7221
42.2737,-83.0493,2021-03-24 01:41:28,True,False,True,7221
42.27539,-83.05036,2021-03-24 01:41:43,True,False,True,7221
42.27713,-83.05147,2021-03-24 01:41:58,True,False,True,7221
42.27883,-83.05256,2021-03-24 01:42:13,True,False,True,7221
42.28057,-83.05366,2021-03-24 01:42:28,True,False,True,7221
42.28209,-83.05462,2021-03-24 01:42:43,True,False,True,7221
42.28382,-83.05566,2021-03-24 01:42:58,True,False,True,7221
42.2853,-83.0566,2021-03-24 01:43:13,True,False,True,7221
42.28701,-83.05762,2021-03-24 01:43:28,True,False,True,7221
42.28873,-83.05863,2021-03-24 01:43:43,True,False,True,7221
42.29,-83.05936,2021-03-24 01:43:58,True,False,True,7221
42.29053,-83.05824,2021-03-24 01:44:14,True,False,True,7221
42.29115,-83.0565,2021-03-24 01:44:29,True,False,True,7221
42.29206,-83.0545,2021-03-24 01:44:44,True,False,True,7221
42.29289,-83.05279,2021-03-24 01:44:59,True,False,True,7221
42.29375,-83.05104,2021-03-24 01:45:14,True,False,True,7221
42.29448,-83.04958,2021-03-24 01:45:29,True,False,True,7221
42.29511,-83.04847,2021-03-24 01:45:44,True,False,True,7221
42.29555,-83.04777,2021-03-24 01:45:59,True,False,True,7221
42.29627,-83.0463,2021-03-24 01:46:14,True,False,True,7221
42.29679,-83.04482,2021-03-24 01:46:29,True,False,True,7221
42.29749,-83.04288,2021-03-24 01:46:44,True,False,True,7221
42.29809,-83.0414,2021-03-24 01:46:59,True,False,True,7221
42.29735,-83.04019,2021-03-24 01:47:30,True,False,True,7221
